File,Line,Column,DefaultLevel,Level,Category,Name,Warning,Suggestion,Note,CWEs,Context,Fingerprint,ToolVersion,RuleId,HelpUri
./projects/scrcpy/./app/src/sys/unix/file.c,56,19,5,5,race,readlink,"This accepts filename arguments; if an attacker can move those files or change the link content, a race condition results.  Also, it does not terminate with ASCII NUL. (CWE-362, CWE-20).",Reconsider approach.,,"CWE-362, CWE-20","    ssize_t len = readlink(""/proc/self/exe"", buf, PATH_MAX);",c4cb9bf3bf67a996ce3938ff044905f808f10cba34257d421fff03971df8a9f7,2.0.19,FF1035,https://cwe.mitre.org/data/definitions/362.html
./projects/scrcpy/./app/src/adb/adb.c,221,5,4,4,format,sprintf,Potential format string problem (CWE-134).,Make format string constant.,,CWE-134,"    sprintf(local, ""tcp:%"" PRIu16, local_port);",9420466ae7318235998f65ad0ad8acf8b84b79f54d7c6fa24d1b11d7ae765325,2.0.19,FF1015,https://cwe.mitre.org/data/definitions/134.html
./projects/scrcpy/./app/src/adb/adb.c,236,5,4,4,format,sprintf,Potential format string problem (CWE-134).,Make format string constant.,,CWE-134,"    sprintf(local, ""tcp:%"" PRIu16, local_port);",9420466ae7318235998f65ad0ad8acf8b84b79f54d7c6fa24d1b11d7ae765325,2.0.19,FF1015,https://cwe.mitre.org/data/definitions/134.html
./projects/scrcpy/./app/src/adb/adb.c,252,5,4,4,format,sprintf,Potential format string problem (CWE-134).,Make format string constant.,,CWE-134,"    sprintf(local, ""tcp:%"" PRIu16, local_port);",9420466ae7318235998f65ad0ad8acf8b84b79f54d7c6fa24d1b11d7ae765325,2.0.19,FF1015,https://cwe.mitre.org/data/definitions/134.html
./projects/scrcpy/./app/src/adb/adb.c,336,5,4,4,format,sprintf,Potential format string problem (CWE-134).,Make format string constant.,,CWE-134,"    sprintf(port_string, ""%"" PRIu16, port);",64bf63f3f881e15e84cd60e1807ececa3f62749e15ab101fdc028b186335f6da,2.0.19,FF1015,https://cwe.mitre.org/data/definitions/134.html
./projects/scrcpy/./app/src/clock.c,32,35,4,4,shell,system,This causes a new program to execute and is difficult to use safely (CWE-78).,try using a library call that implements the same functionality if available.,,CWE-78,"        .system = clock->left_sum.system / (clock->count / 2),",df20815a7e59a4b77d8d55eff423a72dc75fe501fa5be9c11b6c8b8a6b6cd270,2.0.19,FF1044,https://cwe.mitre.org/data/definitions/78.html
./projects/scrcpy/./app/src/clock.c,36,36,4,4,shell,system,This causes a new program to execute and is difficult to use safely (CWE-78).,try using a library call that implements the same functionality if available.,,CWE-78,"        .system = clock->right_sum.system / ((clock->count + 1) / 2),",8f0380d8ee8dc017e3d3796f2a9cb1b34ce6000cc0abccaa13cf1bb282c82430,2.0.19,FF1044,https://cwe.mitre.org/data/definitions/78.html
./projects/scrcpy/./app/src/clock.c,40,58,4,4,shell,system,This causes a new program to execute and is difficult to use safely (CWE-78).,try using a library call that implements the same functionality if available.,,CWE-78,    double slope = (double) (right_avg.system - left_avg.system),9a43491ae3d670ce93872f3df00ff59ca9f2806c05e0f0eb240fee4e043253ac,2.0.19,FF1044,https://cwe.mitre.org/data/definitions/78.html
./projects/scrcpy/./app/src/clock.c,53,62,4,4,shell,system,This causes a new program to execute and is difficult to use safely (CWE-78).,try using a library call that implements the same functionality if available.,,CWE-78,        .system = (clock->left_sum.system + clock->right_sum.system),2d2ab2c953d83a80c567e41654ed207dceb02d19a524223f5b64366f30b920f8,2.0.19,FF1044,https://cwe.mitre.org/data/definitions/78.html
./projects/scrcpy/./app/src/clock.c,66,49,4,4,shell,system,This causes a new program to execute and is difficult to use safely (CWE-78).,try using a library call that implements the same functionality if available.,,CWE-78,"sc_clock_update(struct sc_clock *clock, sc_tick system, sc_tick stream) {",cec41c9648cef8533b1be04abf13a80a3180d3604fde08af6e1da4d5a5b2f5d1,2.0.19,FF1044,https://cwe.mitre.org/data/definitions/78.html
./projects/scrcpy/./app/src/clock.c,81,46,4,4,shell,system,This causes a new program to execute and is difficult to use safely (CWE-78).,try using a library call that implements the same functionality if available.,,CWE-78,        clock->left_sum.system += mid_point->system;,207c7e1be579cf0a6c7e9b335498786c92bcd3219fd8781866fd143790c60ea1,2.0.19,FF1044,https://cwe.mitre.org/data/definitions/78.html
./projects/scrcpy/./app/src/clock.c,83,47,4,4,shell,system,This causes a new program to execute and is difficult to use safely (CWE-78).,try using a library call that implements the same functionality if available.,,CWE-78,        clock->right_sum.system -= mid_point->system;,72820dd0de251f719bcc123aeafb66afec96d65c877f7349422a7216344f7acc,2.0.19,FF1044,https://cwe.mitre.org/data/definitions/78.html
./projects/scrcpy/./app/src/clock.c,90,42,4,4,shell,system,This causes a new program to execute and is difficult to use safely (CWE-78).,try using a library call that implements the same functionality if available.,,CWE-78,        clock->left_sum.system -= point->system;,e32da526c2e1bf1206a5c473e89d4a65905397dc80fae2ee4117bc209d36cdf3,2.0.19,FF1044,https://cwe.mitre.org/data/definitions/78.html
./projects/scrcpy/./app/src/clock.c,96,21,4,4,shell,system,This causes a new program to execute and is difficult to use safely (CWE-78).,try using a library call that implements the same functionality if available.,,CWE-78,    point->system = system;,aff2fb0c4489dd2ccd78db9478fef1513a4f6de050e77201d9f3cb270037d895,2.0.19,FF1044,https://cwe.mitre.org/data/definitions/78.html
./projects/scrcpy/./app/src/clock.c,99,32,4,4,shell,system,This causes a new program to execute and is difficult to use safely (CWE-78).,try using a library call that implements the same functionality if available.,,CWE-78,    clock->right_sum.system += system;,62003f77856df42fe5bf265213f6021683ea3a10990415f12f075f2ec7534ac4,2.0.19,FF1044,https://cwe.mitre.org/data/definitions/78.html
./projects/scrcpy/./app/src/clock.h,14,13,4,4,shell,system,This causes a new program to execute and is difficult to use safely (CWE-78).,try using a library call that implements the same functionality if available.,,CWE-78,    sc_tick system;,135854b992b7476d3ca792c5581b7cd34f1cfe81c83fc6ed594cc74c99ba6254,2.0.19,FF1044,https://cwe.mitre.org/data/definitions/78.html
./projects/scrcpy/./app/src/clock.h,65,49,4,4,shell,system,This causes a new program to execute and is difficult to use safely (CWE-78).,try using a library call that implements the same functionality if available.,,CWE-78,"sc_clock_update(struct sc_clock *clock, sc_tick system, sc_tick stream);",99b8428680e21360457ab8b1c97c0f2b044abb6ab3cf1e6ee7cab35c1ccc489f,2.0.19,FF1044,https://cwe.mitre.org/data/definitions/78.html
./projects/scrcpy/./app/src/compat.c,39,15,4,4,format,vsnprintf,"If format strings can be influenced by an attacker, they can be exploited, and note that sprintf variations do not always \0-terminate (CWE-134).",Use a constant for the format specification.,,CWE-134,"    int len = vsnprintf(NULL, 0, fmt, va);",1e4c03e7dce185ee200b3b5d7e6377c16f0f68365e5aca23833a07a28bd94df7,2.0.19,FF1019,https://cwe.mitre.org/data/definitions/134.html
./projects/scrcpy/./app/src/compat.c,48,16,4,4,format,vsnprintf,"If format strings can be influenced by an attacker, they can be exploited, and note that sprintf variations do not always \0-terminate (CWE-134).",Use a constant for the format specification.,,CWE-134,"    int len2 = vsnprintf(str, len + 1, fmt, va);",f4390cf417ac1399ac10d24d0ba1affe43b8727a1521fc0144814492056653d8,2.0.19,FF1019,https://cwe.mitre.org/data/definitions/134.html
./projects/scrcpy/./app/src/sys/unix/process.c,144,13,4,4,shell,execvp,This causes a new program to execute and is difficult to use safely (CWE-78).,try using a library call that implements the same functionality if available.,,CWE-78,"            execvp(argv[0], (char *const *) argv);",fc6de664d8fa9fa4f34116ec40bf2469604ac9305bed49e2477ee3561db8f59c,2.0.19,FF1043,https://cwe.mitre.org/data/definitions/78.html
./projects/scrcpy/./app/tests/test_clock.c,66,54,4,4,shell,system,This causes a new program to execute and is difficult to use safely (CWE-78).,try using a library call that implements the same functionality if available.,,CWE-78,    assert(clock1.left_sum.system == clock2.left_sum.system);,d7e8ad55a7a58b793e52bb3e95d752a694a81fcb3817a4e6efc5cbfb259afe7a,2.0.19,FF1044,https://cwe.mitre.org/data/definitions/78.html
./projects/scrcpy/./app/tests/test_clock.c,68,56,4,4,shell,system,This causes a new program to execute and is difficult to use safely (CWE-78).,try using a library call that implements the same functionality if available.,,CWE-78,    assert(clock1.right_sum.system == clock2.right_sum.system);,0af0f84251bacc57754dabd2df8c0c3d9615eb56615bc2d27c649902d4052111,2.0.19,FF1044,https://cwe.mitre.org/data/definitions/78.html
./projects/scrcpy/./app/src/adb/adb.c,32,26,3,3,buffer,getenv,"Environment variables are untrustable input if they can be set by an attacker.  They can have any content and length, and the same variable can be set more than once (CWE-807, CWE-20).",Check environment variables carefully before using them.,,"CWE-807, CWE-20","        adb_executable = getenv(""ADB"");",1f64054e5ad544f87115e35252277611a15b3a53163c027ecf021978e7edb611,2.0.19,FF1053,https://cwe.mitre.org/data/definitions/807.html
./projects/scrcpy/./app/src/cli.c,1535,17,3,3,buffer,getopt_long,"Some older implementations do not protect against internal buffer overflows (CWE-120, CWE-20).","Check implementation on installation, or limit the size of all string inputs.",,"CWE-120, CWE-20","    while ((c = getopt_long(argc, argv, optstring, longopts, NULL)) != -1) {",d1f0ef19ab30b6ecd6bc3f78b8c5d382ec73ad1d475cf9b735f2dc61985d860e,2.0.19,FF1027,https://cwe.mitre.org/data/definitions/120.html
./projects/scrcpy/./app/src/compat.c,82,6,3,3,random,nrand48,This function is not sufficiently random for security-related functions such as key and nonce creation (CWE-327).,Use a more secure technique for acquiring random values.,,CWE-327,long nrand48(unsigned short xsubi[3]) {,b44071f56a74e3869784de7951dd1a6e239a5c7f69e308c25ec2cdd06d33a380,2.0.19,FF1048,https://cwe.mitre.org/data/definitions/327.html
./projects/scrcpy/./app/src/compat.c,89,6,3,3,random,jrand48,This function is not sufficiently random for security-related functions such as key and nonce creation (CWE-327).,Use a more secure technique for acquiring random values.,,CWE-327,long jrand48(unsigned short xsubi[3]) {,102bf064682fa681eb74d64a45f309db3a39aad2fe137d22499a102d7864db51,2.0.19,FF1048,https://cwe.mitre.org/data/definitions/327.html
./projects/scrcpy/./app/src/compat.h,74,6,3,3,random,nrand48,This function is not sufficiently random for security-related functions such as key and nonce creation (CWE-327).,Use a more secure technique for acquiring random values.,,CWE-327,long nrand48(unsigned short xsubi[3]);,7ed136168766c2467908c6f8b273cd7ff08c7dbd5d88aadbccb35a71e43301c9,2.0.19,FF1048,https://cwe.mitre.org/data/definitions/327.html
./projects/scrcpy/./app/src/compat.h,78,6,3,3,random,jrand48,This function is not sufficiently random for security-related functions such as key and nonce creation (CWE-327).,Use a more secure technique for acquiring random values.,,CWE-327,long jrand48(unsigned short xsubi[3]);,d360101ec5932520d7c52d85ea874f0efe1dab765065046e12f9e5a47c47a387,2.0.19,FF1048,https://cwe.mitre.org/data/definitions/327.html
./projects/scrcpy/./app/src/icon.c,25,33,3,3,buffer,getenv,"Environment variables are untrustable input if they can be set by an attacker.  They can have any content and length, and the same variable can be set more than once (CWE-807, CWE-20).",Check environment variables carefully before using them.,,"CWE-807, CWE-20","    const char *icon_path_env = getenv(""SCRCPY_ICON_PATH"");",fcf7c801c2e1da70d1563693329970704501992c7eb3fe650c4ff9012f9c5c73,2.0.19,FF1053,https://cwe.mitre.org/data/definitions/807.html
./projects/scrcpy/./app/src/server.c,31,35,3,3,buffer,getenv,"Environment variables are untrustable input if they can be set by an attacker.  They can have any content and length, and the same variable can be set more than once (CWE-807, CWE-20).",Check environment variables carefully before using them.,,"CWE-807, CWE-20","    const char *server_path_env = getenv(""SCRCPY_SERVER_PATH"");",bcbc0fe893f4afea2b38a866cf85730ea71748fc6be6697eab23dbf0d0c495a6,2.0.19,FF1053,https://cwe.mitre.org/data/definitions/807.html
./projects/scrcpy/./app/src/server.c,814,38,3,3,buffer,getenv,"Environment variables are untrustable input if they can be set by an attacker.  They can have any content and length, and the same variable can be set more than once (CWE-807, CWE-20).",Check environment variables carefully before using them.,,"CWE-807, CWE-20","            const char *env_serial = getenv(""ANDROID_SERIAL"");",0288cbf6ebef73b76cd64117a248b06dc2397030ebad8041a362889caaf3e9d6,2.0.19,FF1053,https://cwe.mitre.org/data/definitions/807.html
./projects/scrcpy/./app/src/sys/unix/file.c,14,18,3,3,buffer,getenv,"Environment variables are untrustable input if they can be set by an attacker.  They can have any content and length, and the same variable can be set more than once (CWE-807, CWE-20).",Check environment variables carefully before using them.,,"CWE-807, CWE-20","    char *path = getenv(""PATH"");",de27b2b6b438080dc999cc63b5c8fa9276f276fdf724489ebeea78c40eea7ac4,2.0.19,FF1053,https://cwe.mitre.org/data/definitions/807.html
./projects/scrcpy/./app/src/util/rand.c,17,12,3,3,random,jrand48,This function is not sufficiently random for security-related functions such as key and nonce creation (CWE-327).,Use a more secure technique for acquiring random values.,,CWE-327,    return jrand48(rand->xsubi);,a7901c0e31a28c8f8cb4b013940afa56fa9a7d98a398cb092bbc29f4afcffa6a,2.0.19,FF1048,https://cwe.mitre.org/data/definitions/327.html
./projects/scrcpy/./app/src/adb/adb.c,51,13,2,2,buffer,memcpy,Does not check for buffer overflows when copying to destination (CWE-120).,Make sure destination can always hold the source data.,,CWE-120,"            memcpy(&buf[idx], ""..."", 3);",f17f7b97afe2384ec3878df9a79dc0134e491aa7eb532525cc80cf67daf3d0f7,2.0.19,FF1004,https://cwe.mitre.org/data/definitions/120.html
./projects/scrcpy/./app/src/adb/adb.c,62,9,2,2,buffer,memcpy,Does not check for buffer overflows when copying to destination (CWE-120).,Make sure destination can always hold the source data.,,CWE-120,"        memcpy(&buf[idx], arg, len);",ef1314aef3d22fb320751cf2d0137818ff951730dbaccdcbdc6c5adfa2de77af,2.0.19,FF1004,https://cwe.mitre.org/data/definitions/120.html
./projects/scrcpy/./app/src/adb/adb.c,219,5,2,2,buffer,char,"Statically-sized arrays can be improperly restricted, leading to potential overflows or other issues (CWE-119!/CWE-120).","Perform bounds checking, use functions that limit length, or ensure that the size is larger than the maximum possible length.",,CWE-119!/CWE-120,    char local[4 + 5 + 1]; // tcp:PORT,81ad9f768c15aa0cbbc29eb9c57612c65b540ec5895cce354a749a05353e273b,2.0.19,FF1013,https://cwe.mitre.org/data/definitions/119.html
./projects/scrcpy/./app/src/adb/adb.c,220,5,2,2,buffer,char,"Statically-sized arrays can be improperly restricted, leading to potential overflows or other issues (CWE-119!/CWE-120).","Perform bounds checking, use functions that limit length, or ensure that the size is larger than the maximum possible length.",,CWE-119!/CWE-120,    char remote[108 + 14 + 1]; // localabstract:NAME,41f1dde39b9df562fb79c976cebc1eee283688e5061043bb7fe97f3b043f6247,2.0.19,FF1013,https://cwe.mitre.org/data/definitions/119.html
./projects/scrcpy/./app/src/adb/adb.c,235,5,2,2,buffer,char,"Statically-sized arrays can be improperly restricted, leading to potential overflows or other issues (CWE-119!/CWE-120).","Perform bounds checking, use functions that limit length, or ensure that the size is larger than the maximum possible length.",,CWE-119!/CWE-120,    char local[4 + 5 + 1]; // tcp:PORT,81ad9f768c15aa0cbbc29eb9c57612c65b540ec5895cce354a749a05353e273b,2.0.19,FF1013,https://cwe.mitre.org/data/definitions/119.html
./projects/scrcpy/./app/src/adb/adb.c,250,5,2,2,buffer,char,"Statically-sized arrays can be improperly restricted, leading to potential overflows or other issues (CWE-119!/CWE-120).","Perform bounds checking, use functions that limit length, or ensure that the size is larger than the maximum possible length.",,CWE-119!/CWE-120,    char local[4 + 5 + 1]; // tcp:PORT,81ad9f768c15aa0cbbc29eb9c57612c65b540ec5895cce354a749a05353e273b,2.0.19,FF1013,https://cwe.mitre.org/data/definitions/119.html
./projects/scrcpy/./app/src/adb/adb.c,251,5,2,2,buffer,char,"Statically-sized arrays can be improperly restricted, leading to potential overflows or other issues (CWE-119!/CWE-120).","Perform bounds checking, use functions that limit length, or ensure that the size is larger than the maximum possible length.",,CWE-119!/CWE-120,    char remote[108 + 14 + 1]; // localabstract:NAME,41f1dde39b9df562fb79c976cebc1eee283688e5061043bb7fe97f3b043f6247,2.0.19,FF1013,https://cwe.mitre.org/data/definitions/119.html
./projects/scrcpy/./app/src/adb/adb.c,265,5,2,2,buffer,char,"Statically-sized arrays can be improperly restricted, leading to potential overflows or other issues (CWE-119!/CWE-120).","Perform bounds checking, use functions that limit length, or ensure that the size is larger than the maximum possible length.",,CWE-119!/CWE-120,    char remote[108 + 14 + 1]; // localabstract:NAME,41f1dde39b9df562fb79c976cebc1eee283688e5061043bb7fe97f3b043f6247,2.0.19,FF1013,https://cwe.mitre.org/data/definitions/119.html
./projects/scrcpy/./app/src/adb/adb.c,335,5,2,2,buffer,char,"Statically-sized arrays can be improperly restricted, leading to potential overflows or other issues (CWE-119!/CWE-120).","Perform bounds checking, use functions that limit length, or ensure that the size is larger than the maximum possible length.",,CWE-119!/CWE-120,    char port_string[5 + 1];,b7964c9ede91ac07f9df0b152cb80fb1028dfb725336318e23953c1077578127,2.0.19,FF1013,https://cwe.mitre.org/data/definitions/119.html
./projects/scrcpy/./app/src/adb/adb.c,360,5,2,2,buffer,char,"Statically-sized arrays can be improperly restricted, leading to potential overflows or other issues (CWE-119!/CWE-120).","Perform bounds checking, use functions that limit length, or ensure that the size is larger than the maximum possible length.",,CWE-119!/CWE-120,    char buf[128];,a7e6ef4b73cb0cf74f88a6a9d4e04522c79ea9387f8f272e9d0ac542fa7168aa,2.0.19,FF1013,https://cwe.mitre.org/data/definitions/119.html
./projects/scrcpy/./app/src/adb/adb.c,654,5,2,2,buffer,char,"Statically-sized arrays can be improperly restricted, leading to potential overflows or other issues (CWE-119!/CWE-120).","Perform bounds checking, use functions that limit length, or ensure that the size is larger than the maximum possible length.",,CWE-119!/CWE-120,    char buf[128];,a7e6ef4b73cb0cf74f88a6a9d4e04522c79ea9387f8f272e9d0ac542fa7168aa,2.0.19,FF1013,https://cwe.mitre.org/data/definitions/119.html
./projects/scrcpy/./app/src/adb/adb.c,689,5,2,2,buffer,char,"Statically-sized arrays can be improperly restricted, leading to potential overflows or other issues (CWE-119!/CWE-120).","Perform bounds checking, use functions that limit length, or ensure that the size is larger than the maximum possible length.",,CWE-119!/CWE-120,    char buf[1024];,5065f5757ec562d76d80e513ac33668b30265995d34290fc3fe7083c178c0622,2.0.19,FF1013,https://cwe.mitre.org/data/definitions/119.html
./projects/scrcpy/./app/src/cli.c,90,11,2,2,buffer,char,"Statically-sized arrays can be improperly restricted, leading to potential overflows or other issues (CWE-119!/CWE-120).","Perform bounds checking, use functions that limit length, or ensure that the size is larger than the maximum possible length.",,CWE-119!/CWE-120,    const char *shortcuts[MAX_EQUIVALENT_SHORTCUTS + 1];,43b05e2eae5176f243284fd34c767fdc264ddcc2ddfb9015a479d80961cb118f,2.0.19,FF1013,https://cwe.mitre.org/data/definitions/119.html
./projects/scrcpy/./app/src/compat.c,19,9,2,2,buffer,memcpy,Does not check for buffer overflows when copying to destination (CWE-120).,Make sure destination can always hold the source data.,,CWE-120,"        memcpy(dup, s, size);",bc2b13f081dc0aca5a45278d8f25f49700f8117889a82d74fa63e8f6266bd24c,2.0.19,FF1004,https://cwe.mitre.org/data/definitions/120.html
./projects/scrcpy/./app/src/control_msg.c,93,5,2,2,buffer,memcpy,Does not check for buffer overflows when copying to destination (CWE-120).,Make sure destination can always hold the source data.,,CWE-120,"    memcpy(&buf[4], utf8, len);",3899c34355c8d24a9229b2a635e32178f775b148175dc2667745180f1f794e30,2.0.19,FF1004,https://cwe.mitre.org/data/definitions/120.html
./projects/scrcpy/./app/src/controller.c,87,21,2,2,buffer,char,"Statically-sized arrays can be improperly restricted, leading to potential overflows or other issues (CWE-119!/CWE-120).","Perform bounds checking, use functions that limit length, or ensure that the size is larger than the maximum possible length.",,CWE-119!/CWE-120,    static unsigned char serialized_msg[SC_CONTROL_MSG_MAX_SIZE];,cf00055fa01643c1a361ce5160a490e7c34155008dc7fb4ff76711b19fa45292,2.0.19,FF1013,https://cwe.mitre.org/data/definitions/119.html
./projects/scrcpy/./app/src/device_msg.c,31,17,2,2,buffer,memcpy,Does not check for buffer overflows when copying to destination (CWE-120).,Make sure destination can always hold the source data.,,CWE-120,"                memcpy(text, &buf[5], clipboard_len);",70b9880a7aa1f8d7ac0ab3a6e71b257dba8a1472031325d065132bf0432b685c,2.0.19,FF1004,https://cwe.mitre.org/data/definitions/120.html
./projects/scrcpy/./app/src/packet_merger.c,28,9,2,2,buffer,memcpy,Does not check for buffer overflows when copying to destination (CWE-120).,Make sure destination can always hold the source data.,,CWE-120,"        memcpy(merger->config, packet->data, packet->size);",efc8a7b356bddded6f076b49a29314add902274b53569a5ac57c584707bd8ce5,2.0.19,FF1004,https://cwe.mitre.org/data/definitions/120.html
./projects/scrcpy/./app/src/packet_merger.c,40,9,2,2,buffer,memcpy,Does not check for buffer overflows when copying to destination (CWE-120).,Make sure destination can always hold the source data.,,CWE-120,"        memcpy(packet->data, merger->config, config_size);",b44034780752f43ee3a591a40dc39e5bbb5e95bd7fc0d7acc7ce02349268134e,2.0.19,FF1004,https://cwe.mitre.org/data/definitions/120.html
./projects/scrcpy/./app/src/receiver.c,81,21,2,2,buffer,char,"Statically-sized arrays can be improperly restricted, leading to potential overflows or other issues (CWE-119!/CWE-120).","Perform bounds checking, use functions that limit length, or ensure that the size is larger than the maximum possible length.",,CWE-119!/CWE-120,    static unsigned char buf[DEVICE_MSG_MAX_SIZE];,641945e4a0e5f05ad48fae6f5105820760a20e9f23fe490b3b9f50ab550a510d,2.0.19,FF1013,https://cwe.mitre.org/data/definitions/119.html
./projects/scrcpy/./app/src/recorder.c,78,5,2,2,buffer,memcpy,Does not check for buffer overflows when copying to destination (CWE-120).,Make sure destination can always hold the source data.,,CWE-120,"    memcpy(extradata, packet->data, packet->size);",7c4d8785dc3cd765bc76300974303cb2ba4619357c4b8c4745d27b2e35f47dbe,2.0.19,FF1004,https://cwe.mitre.org/data/definitions/120.html
./projects/scrcpy/./app/src/screen.c,597,21,2,2,misc,open,"Check when opening files - can an attacker redirect it (via symlinks), force the opening of special file type (e.g., device files), move things around to create a race condition, control its ancestors, or change its contents? (CWE-362).",,,CWE-362,    assert(!screen->open);,9c4e4f2cd2bddcbb9be2b9384d202a64485dfbd7aa1b3ce5397e4c00e1d715ea,2.0.19,FF1040,https://cwe.mitre.org/data/definitions/362.html
./projects/scrcpy/./app/src/screen.h,24,10,2,2,misc,open,"Check when opening files - can an attacker redirect it (via symlinks), force the opening of special file type (e.g., device files), move things around to create a race condition, control its ancestors, or change its contents? (CWE-362).",,,CWE-362,    bool open; // track the open/close state to assert correct behavior,eb13f1e17413522d61d836c563055bc8b43c73f7b35f132f2092d2dabf96f81c,2.0.19,FF1040,https://cwe.mitre.org/data/definitions/362.html
./projects/scrcpy/./app/src/server.c,191,11,2,2,buffer,char,"Statically-sized arrays can be improperly restricted, leading to potential overflows or other issues (CWE-119!/CWE-120).","Perform bounds checking, use functions that limit length, or ensure that the size is larger than the maximum possible length.",,CWE-119!/CWE-120,    const char *cmd[128];,948912e52d4663152ebf67bd6b068d3b14d14e97cd74003e0887c7b6ada5de2c,2.0.19,FF1013,https://cwe.mitre.org/data/definitions/119.html
./projects/scrcpy/./app/src/server.c,332,15,2,2,buffer,char,"Statically-sized arrays can be improperly restricted, leading to potential overflows or other issues (CWE-119!/CWE-120).","Perform bounds checking, use functions that limit length, or ensure that the size is larger than the maximum possible length.",,CWE-119!/CWE-120,        free((char *) cmd[i]);,144b5af726db706103f0f2a3ef453bc07a658966f51d4e5982c3292b1a903f3e,2.0.19,FF1013,https://cwe.mitre.org/data/definitions/119.html
./projects/scrcpy/./app/src/server.c,444,14,2,2,buffer,char,"Statically-sized arrays can be improperly restricted, leading to potential overflows or other issues (CWE-119!/CWE-120).","Perform bounds checking, use functions that limit length, or ensure that the size is larger than the maximum possible length.",,CWE-119!/CWE-120,    unsigned char buf[SC_DEVICE_NAME_FIELD_LENGTH];,3286b2d3bd793b45c59740c9282738164680cc45d4b516953ff7a65dad5d9b4b,2.0.19,FF1013,https://cwe.mitre.org/data/definitions/119.html
./projects/scrcpy/./app/src/server.h,20,5,2,2,buffer,char,"Statically-sized arrays can be improperly restricted, leading to potential overflows or other issues (CWE-119!/CWE-120).","Perform bounds checking, use functions that limit length, or ensure that the size is larger than the maximum possible length.",,CWE-119!/CWE-120,    char device_name[SC_DEVICE_NAME_FIELD_LENGTH];,54303e2cb8bfd2d11cb0f297e6d8789ab58c52bc47dd20c7687fbd2042b1fee1,2.0.19,FF1013,https://cwe.mitre.org/data/definitions/119.html
./projects/scrcpy/./app/src/sys/unix/file.c,33,9,2,2,buffer,memcpy,Does not check for buffer overflows when copying to destination (CWE-120).,Make sure destination can always hold the source data.,,CWE-120,"        memcpy(fullpath, dir, dir_len);",ade246f8d96ee191f380711513fcf9d4f51d5d8f1a875a33d71c2fa9eb5e259f,2.0.19,FF1004,https://cwe.mitre.org/data/definitions/120.html
./projects/scrcpy/./app/src/sys/unix/file.c,35,9,2,2,buffer,memcpy,Does not check for buffer overflows when copying to destination (CWE-120).,Make sure destination can always hold the source data.,,CWE-120,"        memcpy(fullpath + dir_len + 1, file, file_len + 1);",3fcd47bf5a5944504ce469af67fb47121a07d6c636a33f710015516ba7c41453,2.0.19,FF1004,https://cwe.mitre.org/data/definitions/120.html
./projects/scrcpy/./app/src/sys/unix/file.c,55,5,2,2,buffer,char,"Statically-sized arrays can be improperly restricted, leading to potential overflows or other issues (CWE-119!/CWE-120).","Perform bounds checking, use functions that limit length, or ensure that the size is larger than the maximum possible length.",,CWE-119!/CWE-120,    char buf[PATH_MAX + 1]; // +1 for the null byte,f5139781e5fda04507d2a69284bbed70069cfb622cd86310f5d53542a70a85ff,2.0.19,FF1013,https://cwe.mitre.org/data/definitions/119.html
./projects/scrcpy/./app/src/sys/unix/process.c,96,27,2,2,misc,open,"Check when opening files - can an attacker redirect it (via symlinks), force the opening of special file type (e.g., device files), move things around to create a race condition, control its ancestors, or change its contents? (CWE-362).",,,CWE-362,"            int devnull = open(""/dev/null"", O_RDONLY | O_CREAT, 0666);",874ddeaa770696dcc72b28c03a04102a0861bd4acfc01873be5c8827af4006d2,2.0.19,FF1040,https://cwe.mitre.org/data/definitions/362.html
./projects/scrcpy/./app/src/sys/unix/process.c,111,27,2,2,misc,open,"Check when opening files - can an attacker redirect it (via symlinks), force the opening of special file type (e.g., device files), move things around to create a race condition, control its ancestors, or change its contents? (CWE-362).",,,CWE-362,"            int devnull = open(""/dev/null"", O_WRONLY | O_CREAT, 0666);",5e0ba83b0ced928eb969674c09b21e4c09a167e2ecec5ef69aa17a60b8a5d87c,2.0.19,FF1040,https://cwe.mitre.org/data/definitions/362.html
./projects/scrcpy/./app/src/sys/unix/process.c,126,27,2,2,misc,open,"Check when opening files - can an attacker redirect it (via symlinks), force the opening of special file type (e.g., device files), move things around to create a race condition, control its ancestors, or change its contents? (CWE-362).",,,CWE-362,"            int devnull = open(""/dev/null"", O_WRONLY | O_CREAT, 0666);",5e0ba83b0ced928eb969674c09b21e4c09a167e2ecec5ef69aa17a60b8a5d87c,2.0.19,FF1040,https://cwe.mitre.org/data/definitions/362.html
./projects/scrcpy/./app/src/trait/frame_sink.h,21,12,2,2,misc,open,"Check when opening files - can an attacker redirect it (via symlinks), force the opening of special file type (e.g., device files), move things around to create a race condition, control its ancestors, or change its contents? (CWE-362).",,,CWE-362,"    bool (*open)(struct sc_frame_sink *sink, const AVCodecContext *ctx);",dc2cbdbeddc6f33b29a3ab954854f960d791a195b5f38317efe6bdebc9d7088e,2.0.19,FF1040,https://cwe.mitre.org/data/definitions/362.html
./projects/scrcpy/./app/src/trait/frame_source.c,32,25,2,2,misc,open,"Check when opening files - can an attacker redirect it (via symlinks), force the opening of special file type (e.g., device files), move things around to create a race condition, control its ancestors, or change its contents? (CWE-362).",,,CWE-362,"        if (!sink->ops->open(sink, ctx)) {",e1a50acbba9d397e2a410f72f0af935b3dd33c446ffb6dec940e65f43a952054,2.0.19,FF1040,https://cwe.mitre.org/data/definitions/362.html
./projects/scrcpy/./app/src/trait/packet_sink.h,21,12,2,2,misc,open,"Check when opening files - can an attacker redirect it (via symlinks), force the opening of special file type (e.g., device files), move things around to create a race condition, control its ancestors, or change its contents? (CWE-362).",,,CWE-362,"    bool (*open)(struct sc_packet_sink *sink, AVCodecContext *ctx);",da33fdce133eed84193646db32774e5df6bb47a188dc513e18d80d99301501a0,2.0.19,FF1040,https://cwe.mitre.org/data/definitions/362.html
./projects/scrcpy/./app/src/trait/packet_source.c,32,25,2,2,misc,open,"Check when opening files - can an attacker redirect it (via symlinks), force the opening of special file type (e.g., device files), move things around to create a race condition, control its ancestors, or change its contents? (CWE-362).",,,CWE-362,"        if (!sink->ops->open(sink, ctx)) {",e1a50acbba9d397e2a410f72f0af935b3dd33c446ffb6dec940e65f43a952054,2.0.19,FF1040,https://cwe.mitre.org/data/definitions/362.html
./projects/scrcpy/./app/src/usb/usb.c,12,5,2,2,buffer,char,"Statically-sized arrays can be improperly restricted, leading to potential overflows or other issues (CWE-119!/CWE-120).","Perform bounds checking, use functions that limit length, or ensure that the size is larger than the maximum possible length.",,CWE-119!/CWE-120,    char buffer[128];,bbb368e12028053051f7e7a8cae6a0668c5084d93a02908e0f475627036496c7,2.0.19,FF1013,https://cwe.mitre.org/data/definitions/119.html
./projects/scrcpy/./app/src/usb/usb.c,31,5,2,2,buffer,memcpy,Does not check for buffer overflows when copying to destination (CWE-120).,Make sure destination can always hold the source data.,,CWE-120,"    memcpy(s, buffer, result);",c81bd27b83300ae0423d240fbaab1e188d7459aa38dfe4264f035f27dd889f5a,2.0.19,FF1004,https://cwe.mitre.org/data/definitions/120.html
./projects/scrcpy/./app/src/util/bytebuf.c,41,5,2,2,buffer,memcpy,Does not check for buffer overflows when copying to destination (CWE-120).,Make sure destination can always hold the source data.,,CWE-120,"    memcpy(to, buf->data + buf->tail, right_len);",f5212ed2b43a1fef0c0cf1905610bcd9bcab09628d5498c2091c60e86682969c,2.0.19,FF1004,https://cwe.mitre.org/data/definitions/120.html
./projects/scrcpy/./app/src/util/bytebuf.c,44,9,2,2,buffer,memcpy,Does not check for buffer overflows when copying to destination (CWE-120).,Make sure destination can always hold the source data.,,CWE-120,"        memcpy(to + right_len, buf->data, len - right_len);",8bcf48183eab9e1c82c938ee57aac2a91faef15d519516ffe66d18a2baf4e2fe,2.0.19,FF1004,https://cwe.mitre.org/data/definitions/120.html
./projects/scrcpy/./app/src/util/bytebuf.c,66,5,2,2,buffer,memcpy,Does not check for buffer overflows when copying to destination (CWE-120).,Make sure destination can always hold the source data.,,CWE-120,"    memcpy(buf->data + buf->head, from, right_len);",f34c1982b8a3c9ef31e147122c8a1794483cce821b0bf395f02626342af93a36,2.0.19,FF1004,https://cwe.mitre.org/data/definitions/120.html
./projects/scrcpy/./app/src/util/bytebuf.c,69,9,2,2,buffer,memcpy,Does not check for buffer overflows when copying to destination (CWE-120).,Make sure destination can always hold the source data.,,CWE-120,"        memcpy(buf->data, from + right_len, len - right_len);",0fb7f952fde41d947d9eeb0bd66a11e0b83007f06cab5773a53f3ad53555db4f,2.0.19,FF1004,https://cwe.mitre.org/data/definitions/120.html
./projects/scrcpy/./app/src/util/file.c,39,5,2,2,buffer,memcpy,Does not check for buffer overflows when copying to destination (CWE-120).,Make sure destination can always hold the source data.,,CWE-120,"    memcpy(file_path, dir, dirlen);",0311f9c0f001d173376c027869850729b967df88c94ea270f5db79bccffe9870,2.0.19,FF1004,https://cwe.mitre.org/data/definitions/120.html
./projects/scrcpy/./app/src/util/file.c,42,5,2,2,buffer,memcpy,Does not check for buffer overflows when copying to destination (CWE-120).,Make sure destination can always hold the source data.,,CWE-120,"    memcpy(&file_path[dirlen + 1], name, namelen + 1);",a516c87cff815238846fd723faf57ce7187aee530ebbcdc1b83011722804b496,2.0.19,FF1004,https://cwe.mitre.org/data/definitions/120.html
./projects/scrcpy/./app/src/util/log.c,122,5,2,2,buffer,memcpy,Does not check for buffer overflows when copying to destination (CWE-120).,Make sure destination can always hold the source data.,,CWE-120,"    memcpy(local_fmt, ""[FFmpeg] "", 9); // do not write the final '\0'",af70d3446130031d2d0c328074049ef66a233cfa9784620955a1a7282ecd0c22,2.0.19,FF1004,https://cwe.mitre.org/data/definitions/120.html
./projects/scrcpy/./app/src/util/log.c,123,5,2,2,buffer,memcpy,Does not check for buffer overflows when copying to destination (CWE-120).,Make sure destination can always hold the source data.,,CWE-120,"    memcpy(local_fmt + 9, fmt, fmt_len + 1); // include '\0'",68cc98de5f12140ac55288be3a93e6b69efa512f20e3e1d82fabcb60a060a8c5,2.0.19,FF1004,https://cwe.mitre.org/data/definitions/120.html
./projects/scrcpy/./app/src/util/log.c,128,14,2,2,buffer,char,"Statically-sized arrays can be improperly restricted, leading to potential overflows or other issues (CWE-119!/CWE-120).","Perform bounds checking, use functions that limit length, or ensure that the size is larger than the maximum possible length.",,CWE-119!/CWE-120,static const char *const sc_sdl_log_priority_names[SDL_NUM_LOG_PRIORITIES] = {,07c9f062f6e4cd7249e9e10f29ad693ef6bf67b18499b3235df567d75ec33a1c,2.0.19,FF1013,https://cwe.mitre.org/data/definitions/119.html
./projects/scrcpy/./app/src/util/str.c,59,5,2,2,buffer,memcpy,Does not check for buffer overflows when copying to destination (CWE-120).,Make sure destination can always hold the source data.,,CWE-120,"    memcpy(&quoted[1], src, len);",e6ba898a9577657b3ed2e403599ba591a843b45977519804e78b011d8f1becc8,2.0.19,FF1004,https://cwe.mitre.org/data/definitions/120.html
./projects/scrcpy/./app/src/util/str.c,187,15,2,2,buffer,MultiByteToWideChar,"Requires maximum length in CHARACTERS, not bytes (CWE-120).",,,CWE-120,"    int len = MultiByteToWideChar(CP_UTF8, 0, utf8, -1, NULL, 0);",fb05f5d78afddbc4c7d982eb8e7709a15ea5fddb96f510c6074185e7592b4cd9,2.0.19,FF1023,https://cwe.mitre.org/data/definitions/120.html
./projects/scrcpy/./app/src/util/str.c,198,5,2,2,buffer,MultiByteToWideChar,"Requires maximum length in CHARACTERS, not bytes (CWE-120).",,,CWE-120,"    MultiByteToWideChar(CP_UTF8, 0, utf8, -1, wide, len);",e5842b75fc84e10d9408a83295ee4b100e2c6a07aae85f706189c36de6e9dbf2,2.0.19,FF1023,https://cwe.mitre.org/data/definitions/120.html
./projects/scrcpy/./app/src/util/strbuf.c,48,5,2,2,buffer,memcpy,Does not check for buffer overflows when copying to destination (CWE-120).,Make sure destination can always hold the source data.,,CWE-120,"    memcpy(&buf->s[buf->len], s, len);",32558177cf047ae9ab273159552d372361f49d333a0310aa9510025299bd3018,2.0.19,FF1004,https://cwe.mitre.org/data/definitions/120.html
./projects/scrcpy/./app/src/util/vecdeque.h,193,5,2,2,buffer,memcpy,Does not check for buffer overflows when copying to destination (CWE-120).,Make sure destination can always hold the source data.,,CWE-120,"    memcpy(newptr, ptr + (oldorigin * item_size), right_len * item_size);",ce9fec3b5b9e21e48b9c4c4c5f3e2b840c26e0cf85eff6591d1fb1e6b8fc0bd5,2.0.19,FF1004,https://cwe.mitre.org/data/definitions/120.html
./projects/scrcpy/./app/src/util/vecdeque.h,196,9,2,2,buffer,memcpy,Does not check for buffer overflows when copying to destination (CWE-120).,Make sure destination can always hold the source data.,,CWE-120,"        memcpy(newptr + (right_len * item_size), ptr,",fd2c77dd0ebe6875c2063aaeaef420f2227459a4b0a19c2cae58bd53b62bda06,2.0.19,FF1004,https://cwe.mitre.org/data/definitions/120.html
./projects/scrcpy/./app/src/util/vector.h,255,9,2,2,buffer,memcpy,Does not check for buffer overflows when copying to destination (CWE-120).,Make sure destination can always hold the source data.,,CWE-120,"        memcpy(&(pv)->data[(pv)->size], items, (count) * sizeof(*(pv)->data)); \",c11dd747abdf811347672a61377f96fd67b9fe33bb3e9393cb13ed173f625a10,2.0.19,FF1004,https://cwe.mitre.org/data/definitions/120.html
./projects/scrcpy/./app/src/util/vector.h,333,9,2,2,buffer,memcpy,Does not check for buffer overflows when copying to destination (CWE-120).,Make sure destination can always hold the source data.,,CWE-120,"        memcpy(&(pv)->data[index], items, count * sizeof(*(pv)->data)); \",ace3d14b309d47c31343f2f43d4d899c9e826290159667e645be58829b4708e4,2.0.19,FF1004,https://cwe.mitre.org/data/definitions/120.html
./projects/scrcpy/./app/src/v4l2_sink.c,41,5,2,2,buffer,memcpy,Does not check for buffer overflows when copying to destination (CWE-120).,Make sure destination can always hold the source data.,,CWE-120,"    memcpy(extradata, packet->data, packet->size);",7c4d8785dc3cd765bc76300974303cb2ba4619357c4b8c4745d27b2e35f47dbe,2.0.19,FF1004,https://cwe.mitre.org/data/definitions/120.html
./projects/scrcpy/./app/tests/test_control_msg_serialize.c,19,14,2,2,buffer,char,"Statically-sized arrays can be improperly restricted, leading to potential overflows or other issues (CWE-119!/CWE-120).","Perform bounds checking, use functions that limit length, or ensure that the size is larger than the maximum possible length.",,CWE-119!/CWE-120,    unsigned char buf[SC_CONTROL_MSG_MAX_SIZE];,d4695086b35fafb1d8abbf55c2eca82a5389a9c1e69c9066345137fb2d5e8567,2.0.19,FF1013,https://cwe.mitre.org/data/definitions/119.html
./projects/scrcpy/./app/tests/test_control_msg_serialize.c,41,14,2,2,buffer,char,"Statically-sized arrays can be improperly restricted, leading to potential overflows or other issues (CWE-119!/CWE-120).","Perform bounds checking, use functions that limit length, or ensure that the size is larger than the maximum possible length.",,CWE-119!/CWE-120,    unsigned char buf[SC_CONTROL_MSG_MAX_SIZE];,d4695086b35fafb1d8abbf55c2eca82a5389a9c1e69c9066345137fb2d5e8567,2.0.19,FF1013,https://cwe.mitre.org/data/definitions/119.html
./projects/scrcpy/./app/tests/test_control_msg_serialize.c,56,5,2,2,buffer,char,"Statically-sized arrays can be improperly restricted, leading to potential overflows or other issues (CWE-119!/CWE-120).","Perform bounds checking, use functions that limit length, or ensure that the size is larger than the maximum possible length.",,CWE-119!/CWE-120,    char text[SC_CONTROL_MSG_INJECT_TEXT_MAX_LENGTH + 1];,b59fa65197e5c90e8806a4bb0660ac4b2fc8f5b49be1e2d332c2e430317555a6,2.0.19,FF1013,https://cwe.mitre.org/data/definitions/119.html
./projects/scrcpy/./app/tests/test_control_msg_serialize.c,61,14,2,2,buffer,char,"Statically-sized arrays can be improperly restricted, leading to potential overflows or other issues (CWE-119!/CWE-120).","Perform bounds checking, use functions that limit length, or ensure that the size is larger than the maximum possible length.",,CWE-119!/CWE-120,    unsigned char buf[SC_CONTROL_MSG_MAX_SIZE];,d4695086b35fafb1d8abbf55c2eca82a5389a9c1e69c9066345137fb2d5e8567,2.0.19,FF1013,https://cwe.mitre.org/data/definitions/119.html
./projects/scrcpy/./app/tests/test_control_msg_serialize.c,65,14,2,2,buffer,char,"Statically-sized arrays can be improperly restricted, leading to potential overflows or other issues (CWE-119!/CWE-120).","Perform bounds checking, use functions that limit length, or ensure that the size is larger than the maximum possible length.",,CWE-119!/CWE-120,    unsigned char expected[5 + SC_CONTROL_MSG_INJECT_TEXT_MAX_LENGTH];,20665589cfd8e66e0c7ad5f34d42409c16d7b648b81fbcac46a7d16acbfe4dbd,2.0.19,FF1013,https://cwe.mitre.org/data/definitions/119.html
./projects/scrcpy/./app/tests/test_control_msg_serialize.c,98,14,2,2,buffer,char,"Statically-sized arrays can be improperly restricted, leading to potential overflows or other issues (CWE-119!/CWE-120).","Perform bounds checking, use functions that limit length, or ensure that the size is larger than the maximum possible length.",,CWE-119!/CWE-120,    unsigned char buf[SC_CONTROL_MSG_MAX_SIZE];,d4695086b35fafb1d8abbf55c2eca82a5389a9c1e69c9066345137fb2d5e8567,2.0.19,FF1013,https://cwe.mitre.org/data/definitions/119.html
./projects/scrcpy/./app/tests/test_control_msg_serialize.c,135,14,2,2,buffer,char,"Statically-sized arrays can be improperly restricted, leading to potential overflows or other issues (CWE-119!/CWE-120).","Perform bounds checking, use functions that limit length, or ensure that the size is larger than the maximum possible length.",,CWE-119!/CWE-120,    unsigned char buf[SC_CONTROL_MSG_MAX_SIZE];,d4695086b35fafb1d8abbf55c2eca82a5389a9c1e69c9066345137fb2d5e8567,2.0.19,FF1013,https://cwe.mitre.org/data/definitions/119.html
./projects/scrcpy/./app/tests/test_control_msg_serialize.c,158,14,2,2,buffer,char,"Statically-sized arrays can be improperly restricted, leading to potential overflows or other issues (CWE-119!/CWE-120).","Perform bounds checking, use functions that limit length, or ensure that the size is larger than the maximum possible length.",,CWE-119!/CWE-120,    unsigned char buf[SC_CONTROL_MSG_MAX_SIZE];,d4695086b35fafb1d8abbf55c2eca82a5389a9c1e69c9066345137fb2d5e8567,2.0.19,FF1013,https://cwe.mitre.org/data/definitions/119.html
./projects/scrcpy/./app/tests/test_control_msg_serialize.c,174,14,2,2,buffer,char,"Statically-sized arrays can be improperly restricted, leading to potential overflows or other issues (CWE-119!/CWE-120).","Perform bounds checking, use functions that limit length, or ensure that the size is larger than the maximum possible length.",,CWE-119!/CWE-120,    unsigned char buf[SC_CONTROL_MSG_MAX_SIZE];,d4695086b35fafb1d8abbf55c2eca82a5389a9c1e69c9066345137fb2d5e8567,2.0.19,FF1013,https://cwe.mitre.org/data/definitions/119.html
./projects/scrcpy/./app/tests/test_control_msg_serialize.c,189,14,2,2,buffer,char,"Statically-sized arrays can be improperly restricted, leading to potential overflows or other issues (CWE-119!/CWE-120).","Perform bounds checking, use functions that limit length, or ensure that the size is larger than the maximum possible length.",,CWE-119!/CWE-120,    unsigned char buf[SC_CONTROL_MSG_MAX_SIZE];,d4695086b35fafb1d8abbf55c2eca82a5389a9c1e69c9066345137fb2d5e8567,2.0.19,FF1013,https://cwe.mitre.org/data/definitions/119.html
./projects/scrcpy/./app/tests/test_control_msg_serialize.c,204,14,2,2,buffer,char,"Statically-sized arrays can be improperly restricted, leading to potential overflows or other issues (CWE-119!/CWE-120).","Perform bounds checking, use functions that limit length, or ensure that the size is larger than the maximum possible length.",,CWE-119!/CWE-120,    unsigned char buf[SC_CONTROL_MSG_MAX_SIZE];,d4695086b35fafb1d8abbf55c2eca82a5389a9c1e69c9066345137fb2d5e8567,2.0.19,FF1013,https://cwe.mitre.org/data/definitions/119.html
./projects/scrcpy/./app/tests/test_control_msg_serialize.c,222,14,2,2,buffer,char,"Statically-sized arrays can be improperly restricted, leading to potential overflows or other issues (CWE-119!/CWE-120).","Perform bounds checking, use functions that limit length, or ensure that the size is larger than the maximum possible length.",,CWE-119!/CWE-120,    unsigned char buf[SC_CONTROL_MSG_MAX_SIZE];,d4695086b35fafb1d8abbf55c2eca82a5389a9c1e69c9066345137fb2d5e8567,2.0.19,FF1013,https://cwe.mitre.org/data/definitions/119.html
./projects/scrcpy/./app/tests/test_control_msg_serialize.c,243,14,2,2,buffer,char,"Statically-sized arrays can be improperly restricted, leading to potential overflows or other issues (CWE-119!/CWE-120).","Perform bounds checking, use functions that limit length, or ensure that the size is larger than the maximum possible length.",,CWE-119!/CWE-120,    unsigned char buf[SC_CONTROL_MSG_MAX_SIZE];,d4695086b35fafb1d8abbf55c2eca82a5389a9c1e69c9066345137fb2d5e8567,2.0.19,FF1013,https://cwe.mitre.org/data/definitions/119.html
./projects/scrcpy/./app/tests/test_control_msg_serialize.c,267,5,2,2,buffer,char,"Statically-sized arrays can be improperly restricted, leading to potential overflows or other issues (CWE-119!/CWE-120).","Perform bounds checking, use functions that limit length, or ensure that the size is larger than the maximum possible length.",,CWE-119!/CWE-120,    char text[SC_CONTROL_MSG_CLIPBOARD_TEXT_MAX_LENGTH + 1];,ab984369b29e09d5ddfecdae5b289151c69c15ec16f02fb3d6bb82b2a969a2a6,2.0.19,FF1013,https://cwe.mitre.org/data/definitions/119.html
./projects/scrcpy/./app/tests/test_control_msg_serialize.c,272,14,2,2,buffer,char,"Statically-sized arrays can be improperly restricted, leading to potential overflows or other issues (CWE-119!/CWE-120).","Perform bounds checking, use functions that limit length, or ensure that the size is larger than the maximum possible length.",,CWE-119!/CWE-120,    unsigned char buf[SC_CONTROL_MSG_MAX_SIZE];,d4695086b35fafb1d8abbf55c2eca82a5389a9c1e69c9066345137fb2d5e8567,2.0.19,FF1013,https://cwe.mitre.org/data/definitions/119.html
./projects/scrcpy/./app/tests/test_control_msg_serialize.c,276,14,2,2,buffer,char,"Statically-sized arrays can be improperly restricted, leading to potential overflows or other issues (CWE-119!/CWE-120).","Perform bounds checking, use functions that limit length, or ensure that the size is larger than the maximum possible length.",,CWE-119!/CWE-120,    unsigned char expected[SC_CONTROL_MSG_MAX_SIZE] = {,10f1acd8b599d1ef2ea56592550ff793422d4664148153199eff20b450c7e900,2.0.19,FF1013,https://cwe.mitre.org/data/definitions/119.html
./projects/scrcpy/./app/tests/test_control_msg_serialize.c,299,14,2,2,buffer,char,"Statically-sized arrays can be improperly restricted, leading to potential overflows or other issues (CWE-119!/CWE-120).","Perform bounds checking, use functions that limit length, or ensure that the size is larger than the maximum possible length.",,CWE-119!/CWE-120,    unsigned char buf[SC_CONTROL_MSG_MAX_SIZE];,d4695086b35fafb1d8abbf55c2eca82a5389a9c1e69c9066345137fb2d5e8567,2.0.19,FF1013,https://cwe.mitre.org/data/definitions/119.html
./projects/scrcpy/./app/tests/test_control_msg_serialize.c,315,14,2,2,buffer,char,"Statically-sized arrays can be improperly restricted, leading to potential overflows or other issues (CWE-119!/CWE-120).","Perform bounds checking, use functions that limit length, or ensure that the size is larger than the maximum possible length.",,CWE-119!/CWE-120,    unsigned char buf[SC_CONTROL_MSG_MAX_SIZE];,d4695086b35fafb1d8abbf55c2eca82a5389a9c1e69c9066345137fb2d5e8567,2.0.19,FF1013,https://cwe.mitre.org/data/definitions/119.html
./projects/scrcpy/./app/tests/test_device_msg_deserialize.c,29,14,2,2,buffer,char,"Statically-sized arrays can be improperly restricted, leading to potential overflows or other issues (CWE-119!/CWE-120).","Perform bounds checking, use functions that limit length, or ensure that the size is larger than the maximum possible length.",,CWE-119!/CWE-120,    unsigned char input[DEVICE_MSG_MAX_SIZE];,6d995e6d30c9aa2759dab3bb7932d7a236b08061649edcbe4e31ef2d43b4e43a,2.0.19,FF1013,https://cwe.mitre.org/data/definitions/119.html
./projects/scrcpy/./app/tests/test_str.c,270,5,2,2,buffer,char,"Statically-sized arrays can be improperly restricted, leading to potential overflows or other issues (CWE-119!/CWE-120).","Perform bounds checking, use functions that limit length, or ensure that the size is larger than the maximum possible length.",,CWE-119!/CWE-120,    char buf[32];,917f6ed0ae72790ae84d5546f1fd6d51df65d8cc348e82b8bf2389e3a4b61c78,2.0.19,FF1013,https://cwe.mitre.org/data/definitions/119.html
./projects/scrcpy/./app/tests/test_str.c,272,5,4,2,buffer,sprintf,Does not check for buffer overflows (CWE-120).,"Use sprintf_s, snprintf, or vsnprintf.",Risk is low because the source has a constant maximum length.,CWE-120,"    sprintf(buf, ""%ldk"", LONG_MAX / 2000);",387f613042971ead0730538d4c347c56c3f61173bba3fe7ed3aad2ed3124f0a0,2.0.19,FF1015,https://cwe.mitre.org/data/definitions/120.html
./projects/scrcpy/./app/tests/test_str.c,277,5,4,2,buffer,sprintf,Does not check for buffer overflows (CWE-120).,"Use sprintf_s, snprintf, or vsnprintf.",Risk is low because the source has a constant maximum length.,CWE-120,"    sprintf(buf, ""%ldm"", LONG_MAX / 2000);",7afa7ebc15254ec0bb729b39fa90b90d4c8bef42eaf38a733b0da0690026ac98,2.0.19,FF1015,https://cwe.mitre.org/data/definitions/120.html
./projects/scrcpy/./app/tests/test_str.c,281,5,4,2,buffer,sprintf,Does not check for buffer overflows (CWE-120).,"Use sprintf_s, snprintf, or vsnprintf.",Risk is low because the source has a constant maximum length.,CWE-120,"    sprintf(buf, ""%ldk"", LONG_MIN / 2000);",b32fa14ef32723a0d08cad37297a2fb3abc307ef1c30a9e81f27d6969dc5e075,2.0.19,FF1015,https://cwe.mitre.org/data/definitions/120.html
./projects/scrcpy/./app/tests/test_str.c,286,5,4,2,buffer,sprintf,Does not check for buffer overflows (CWE-120).,"Use sprintf_s, snprintf, or vsnprintf.",Risk is low because the source has a constant maximum length.,CWE-120,"    sprintf(buf, ""%ldm"", LONG_MIN / 2000);",3bd1cdb464bc9439cdc5c2be86baa65aa5b6bda5b0982592a919e522b968d247,2.0.19,FF1015,https://cwe.mitre.org/data/definitions/120.html
./projects/scrcpy/./app/src/adb/adb.c,46,22,1,1,buffer,strlen,Does not handle strings that are not \0-terminated; if given one it may perform an over-read (it could cause a crash if unprotected) (CWE-126).,,,CWE-126,        size_t len = strlen(arg);,dd8b1a1ad03da316ae07a3e7675ded8039c9ce10879e3fd9a3ed03938918073c,2.0.19,FF1022,https://cwe.mitre.org/data/definitions/126.html
./projects/scrcpy/./app/src/adb/adb.c,464,41,1,1,buffer,strlen,Does not handle strings that are not \0-terminated; if given one it may perform an over-read (it could cause a crash if unprotected) (CWE-126).,,,CWE-126,                    size_t serial_len = strlen(selector->serial);,38e7a781fa241fd81f34f4217d55a8dbf43ede481b0024ec30d5f3b5424b710e,2.0.19,FF1022,https://cwe.mitre.org/data/definitions/126.html
./projects/scrcpy/./app/src/audio_player.c,99,9,1,1,buffer,read,"Check buffer boundaries if used in a loop including recursive loops (CWE-120, CWE-20).",,,"CWE-120, CWE-20",    if (read) {,d58cfa001b6e568413fb478c10193215c168a01046650ab3c433e1e18c5bfad5,2.0.19,FF1029,https://cwe.mitre.org/data/definitions/120.html
./projects/scrcpy/./app/src/audio_player.c,100,44,1,1,buffer,read,"Check buffer boundaries if used in a loop including recursive loops (CWE-120, CWE-20).",,,"CWE-120, CWE-20","        sc_audiobuf_read(&ap->buf, stream, read);",13565270074be0f99be7dc9496a86837e340279c2a43725e53b688f35d0f071a,2.0.19,FF1029,https://cwe.mitre.org/data/definitions/120.html
./projects/scrcpy/./app/src/audio_player.c,103,9,1,1,buffer,read,"Check buffer boundaries if used in a loop including recursive loops (CWE-120, CWE-20).",,,"CWE-120, CWE-20",    if (read < count) {,325f53d017f45d309148a38659cff7327e71b2dff88a3a313450812ff304ad1b,2.0.19,FF1029,https://cwe.mitre.org/data/definitions/120.html
./projects/scrcpy/./app/src/audio_player.c,104,36,1,1,buffer,read,"Check buffer boundaries if used in a loop including recursive loops (CWE-120, CWE-20).",,,"CWE-120, CWE-20",        uint32_t silence = count - read;,20812f79ee1fe836330a4ce57fc3c7b60f7918487f25e286714d279a922fb3f0,2.0.19,FF1029,https://cwe.mitre.org/data/definitions/120.html
./projects/scrcpy/./app/src/audio_player.c,112,25,1,1,buffer,read,"Check buffer boundaries if used in a loop including recursive loops (CWE-120, CWE-20).",,,"CWE-120, CWE-20","        memset(stream + read, 0, TO_BYTES(silence));",5b87201fea455b38de6ec28287922eeae76ca25b3ec33f579ddeeee61d03c0f5,2.0.19,FF1029,https://cwe.mitre.org/data/definitions/120.html
./projects/scrcpy/./app/src/cli.c,1058,12,1,1,buffer,strlen,Does not handle strings that are not \0-terminated; if given one it may perform an over-read (it could cause a crash if unprotected) (CWE-126).,,,CWE-126,    assert(strlen(text) >= 9); // Contains at least the initial identation,d60a57b8f5dd7abe4799d7d729e114fd41ac866d2bb8e14381fc218c44324ada,2.0.19,FF1022,https://cwe.mitre.org/data/definitions/126.html
./projects/scrcpy/./app/src/cli.c,1415,55,1,1,buffer,strlen,Does not handle strings that are not \0-terminated; if given one it may perform an over-read (it could cause a crash if unprotected) (CWE-126).,,,CWE-126,        size_t limit = comma ? (size_t) (comma - s) : strlen(s);,6db5822367acabf4f5ff9dbbc48bd30e186801fe375d8663351822878db57c5c,2.0.19,FF1022,https://cwe.mitre.org/data/definitions/126.html
./projects/scrcpy/./app/src/cli.c,1477,18,1,1,buffer,strlen,Does not handle strings that are not \0-terminated; if given one it may perform an over-read (it could cause a crash if unprotected) (CWE-126).,,,CWE-126,    size_t len = strlen(filename);,750c46540eb55c34c5db545c1efe848fd22c6365f09a4b87281e7f7f1a0321ed,2.0.19,FF1022,https://cwe.mitre.org/data/definitions/126.html
./projects/scrcpy/./app/src/compat.c,16,19,1,1,buffer,strlen,Does not handle strings that are not \0-terminated; if given one it may perform an over-read (it could cause a crash if unprotected) (CWE-126).,,,CWE-126,    size_t size = strlen(s) + 1;,60e8ebc98093d17c858653b50211ec62aad69a151c9cfcdb80fdbea444abba5a,2.0.19,FF1022,https://cwe.mitre.org/data/definitions/126.html
./projects/scrcpy/./app/src/sys/unix/file.c,22,23,1,1,buffer,strlen,Does not handle strings that are not \0-terminated; if given one it may perform an over-read (it could cause a crash if unprotected) (CWE-126).,,,CWE-126,    size_t file_len = strlen(file);,35ff211ae552b13c88ae847019be7317648f3cac835fc367b88d6729b11a7d18,2.0.19,FF1022,https://cwe.mitre.org/data/definitions/126.html
./projects/scrcpy/./app/src/sys/unix/file.c,26,26,1,1,buffer,strlen,Does not handle strings that are not \0-terminated; if given one it may perform an over-read (it could cause a crash if unprotected) (CWE-126).,,,CWE-126,        size_t dir_len = strlen(dir);,262fb701168d392978bba2cb2feabdcbf41b93a4430d5c3dc42f6efc3950c12c,2.0.19,FF1022,https://cwe.mitre.org/data/definitions/126.html
./projects/scrcpy/./app/src/sys/unix/process.c,167,9,1,1,buffer,read,"Check buffer boundaries if used in a loop including recursive loops (CWE-120, CWE-20).",,,"CWE-120, CWE-20","    if (read(internal[0], &res, sizeof(res)) == -1) {",5e8a456a55a829711e73a08e1c1af4302943c0f108af73b9fd98ca08be61d345,2.0.19,FF1029,https://cwe.mitre.org/data/definitions/120.html
./projects/scrcpy/./app/src/sys/unix/process.c,226,12,1,1,buffer,read,"Check buffer boundaries if used in a loop including recursive loops (CWE-120, CWE-20).",,,"CWE-120, CWE-20","    return read(pipe, data, len);",745d304d4a2871dc72ac57eeaaccb5fad1c1e8b6ca01219a941e329bce9d5d15,2.0.19,FF1029,https://cwe.mitre.org/data/definitions/120.html
./projects/scrcpy/./app/src/util/file.c,28,21,1,1,buffer,strlen,Does not handle strings that are not \0-terminated; if given one it may perform an over-read (it could cause a crash if unprotected) (CWE-126).,,,CWE-126,    size_t dirlen = strlen(dir);,519228e9731755af5f29289ab1b7fff010169f69a006374d87b9840c6c8888e9,2.0.19,FF1022,https://cwe.mitre.org/data/definitions/126.html
./projects/scrcpy/./app/src/util/file.c,29,22,1,1,buffer,strlen,Does not handle strings that are not \0-terminated; if given one it may perform an over-read (it could cause a crash if unprotected) (CWE-126).,,,CWE-126,    size_t namelen = strlen(name);,788ce53db6a95e504401a3290bb1d6fe837e4f63cb666440f4718d60133a1b2f,2.0.19,FF1022,https://cwe.mitre.org/data/definitions/126.html
./projects/scrcpy/./app/src/util/log.c,116,22,1,1,buffer,strlen,Does not handle strings that are not \0-terminated; if given one it may perform an over-read (it could cause a crash if unprotected) (CWE-126).,,,CWE-126,    size_t fmt_len = strlen(fmt);,0d9421e0ad9d9cceaa13e78c37eea7ec36add5300b34c4ccae66a41ffe156818,2.0.19,FF1022,https://cwe.mitre.org/data/definitions/126.html
./projects/scrcpy/./app/src/util/str.c,53,18,1,1,buffer,strlen,Does not handle strings that are not \0-terminated; if given one it may perform an over-read (it could cause a crash if unprotected) (CWE-126).,,,CWE-126,    size_t len = strlen(src);,26cb9dbce30315672ed254ba40772cec4ce2998570f1d374bd14873d8736ede7,2.0.19,FF1022,https://cwe.mitre.org/data/definitions/126.html
./projects/scrcpy/./app/src/util/str.c,155,54,1,1,buffer,strlen,Does not handle strings that are not \0-terminated; if given one it may perform an over-read (it could cause a crash if unprotected) (CWE-126).,,,CWE-126,        size_t token_len = p ? (size_t) (p - list) : strlen(list);,2a9f87e355676f27cb61007ecb1ccb22ce5c9dc0c119636ee54f33449443d4c0,2.0.19,FF1022,https://cwe.mitre.org/data/definitions/126.html
./projects/scrcpy/./app/src/util/str.c,169,18,1,1,buffer,strlen,Does not handle strings that are not \0-terminated; if given one it may perform an over-read (it could cause a crash if unprotected) (CWE-126).,,,CWE-126,    size_t len = strlen(utf8);,8d3c9a572615eee66a77078fb5168796cac71f1cc33b20c18f39a6f682f418ae,2.0.19,FF1022,https://cwe.mitre.org/data/definitions/126.html
./projects/scrcpy/./app/src/util/str.c,230,18,1,1,buffer,strlen,Does not handle strings that are not \0-terminated; if given one it may perform an over-read (it could cause a crash if unprotected) (CWE-126).,,,CWE-126,    size_t cap = strlen(input) * 3 / 2;,0f01bdd2dd7255fe38def759fb4fb3e155af828ea4aa23bf802a29506b915285,2.0.19,FF1022,https://cwe.mitre.org/data/definitions/126.html
./projects/scrcpy/./app/src/util/strbuf.c,43,12,1,1,buffer,strlen,Does not handle strings that are not \0-terminated; if given one it may perform an over-read (it could cause a crash if unprotected) (CWE-126).,,,CWE-126,    assert(strlen(s) >= len);,6d4f3333a9b48a7b106dada951fcc672bb9688ff45b3b2dd9edeede7d7c00a29,2.0.19,FF1022,https://cwe.mitre.org/data/definitions/126.html
./projects/scrcpy/./app/src/util/strbuf.h,53,37,1,1,buffer,strlen,Does not handle strings that are not \0-terminated; if given one it may perform an over-read (it could cause a crash if unprotected) (CWE-126).,,,CWE-126,"    return sc_strbuf_append(buf, s, strlen(s));",283190dee962a507a230b606645fef536c1e2767f281735fd8812c62c6dcb334,2.0.19,FF1022,https://cwe.mitre.org/data/definitions/126.html
./projects/scrcpy/./app/src/util/thread.c,14,12,1,1,buffer,strlen,Does not handle strings that are not \0-terminated; if given one it may perform an over-read (it could cause a crash if unprotected) (CWE-126).,,,CWE-126,    assert(strlen(name) <= 15);,7c4e03f9e2dcd08a202d12f623655e9af0378a22fddce529038209e74b97113a,2.0.19,FF1022,https://cwe.mitre.org/data/definitions/126.html
./projects/scrcpy/./app/src/v4l2_sink.c,198,5,1,1,buffer,strncpy,Easily used incorrectly; doesn't always \0-terminate or check for invalid pointers [MS-banned] (CWE-120).,,,CWE-120,"    strncpy(vs->format_ctx->filename, vs->device_name,",065fe815bf941b63ebd77fc38d8a62be5c411aa1b7859ae036cd8b94164b9c54,2.0.19,FF1008,https://cwe.mitre.org/data/definitions/120.html
./projects/scrcpy/./app/tests/test_device_msg_deserialize.c,44,12,1,1,buffer,strlen,Does not handle strings that are not \0-terminated; if given one it may perform an over-read (it could cause a crash if unprotected) (CWE-126).,,,CWE-126,    assert(strlen(msg.clipboard.text) == DEVICE_MSG_TEXT_MAX_LENGTH);,57fc74b88de0dd0fb5b9e047dce3db2e7c0ab00e630993acb41a08fd88f83961,2.0.19,FF1022,https://cwe.mitre.org/data/definitions/126.html
./projects/scrcpy/./app/tests/test_str.c,146,12,1,1,buffer,strlen,Does not handle strings that are not \0-terminated; if given one it may perform an over-read (it could cause a crash if unprotected) (CWE-126).,,,CWE-126,    assert(strlen(s) == 7); //  and  are 2 bytes-wide,9bbeec020a5e1857fe1657f0a028f9d31b309c7bc5af1b96a6f6096c4150a42d,2.0.19,FF1022,https://cwe.mitre.org/data/definitions/126.html
